id,model_name,training_time_s,accuracy,cpu_usage_time,memo_usage_mib,cpu_limit_util,cpu_percent_util_min,cpu_percent_util_max,memory_percentage,power_use_memory,energy_use_memory,power_min_skylake_cpu,power_use_skylake_cpu,power_min_broadwell_cpu,power_use_broadwell_cpu,power_min_haswell_cpu,power_use_haswell_cpu,min_power_amd_cpu_n_4,power_amd,energy_use_skylake_cpu,energy_use_broadwell_cpu,energy_use_haswell_cpu,total_energy_skylake,total_energy_broadwell,total_energy_haswell,avg_energy,experiment,num_layers,max_epoch,batch_size,no_nodes,accelerator
fde8e3c9-f2e4-40ca-a91c-108f08fac59b,mnist_cnn,82,86.56,0.1483,472.82,0.0494,1.65,25.801,0.0591025,0.1773075,14.539215,0.383625,6.283378414,0.2904,4.756449896,0.350625,5.742872744,2.17239,35.58148826,2866.487421,2761.938625,2829.478998,2881.026636,2776.47784,2844.018213,2833.840896,1,1,2,512,4,on
bdd600d1-b6eb-410c-ba5e-b2df202c0cff,mnist_cnn,29,86.56,0.405,448.18,0.135,1.77,22.9,0.0560225,0.1680675,4.8739575,0.411525,5.641535775,0.31152,4.27058192,0.376125,5.156242375,2.330382,31.94686452,910.2031132,877.0054656,898.4517335,915.0770707,881.8794231,903.325691,900.0940616,1,1,2,512,4,on
47d8ad8a-94d5-410e-a82d-849d95d557ef,mnist_cnn,21,86.56,0.1921,497.07,0.064,1.65,25.801,0.06213375,0.18640125,3.91442625,0.383625,6.283378414,0.2904,4.756449896,0.350625,5.742872744,2.17239,35.58148826,734.1004371,707.3257455,724.6226701,738.0148633,711.2401717,728.5370964,725.9307105,1,1,2,512,4,on
a4511424-0f09-4a08-96df-6c2fdc791e4f,mnist_resnet,78,82.91,1.042,619.89,0.3339,1.5961,42.5,0.07748625,0.23245875,18.1317825,0.37109325,10.09462862,0.2809136,7.64152532,0.33917125,9.226273469,2.10142526,57.16381952,4380.542728,4220.77211,4323.986757,4398.67451,4238.903892,4342.118539,4326.565647,1,1,2,512,4,on
cab4e4a3-6ccf-471b-9dc3-ecca9bc4a0f6,mnist_resnet,74,82.91,1.487,606.5,0.4066,1.5575,42.08,0.0758125,0.2274375,16.830375,0.36211875,9.99333918,0.27412,7.564850304,0.33096875,9.1336971,2.0506045,56.59023813,4114.199242,3964.142914,4061.081958,4131.029617,3980.973289,4077.912333,4063.30508,1,1,2,512,4,on
f941d800-bd69-48c1-9108-bd6b353d05a6,mnist_resnet,79,82.91,1.217,613.78,0.3327,1.497,51.41,0.0767225,0.2301675,18.1832325,0.3480525,12.12194371,0.263472,9.176181045,0.3181125,11.07919586,1.9709502,68.6440907,5327.73146,5133.414226,5258.946598,5345.914692,5151.597458,5277.129831,5258.213994,1,1,2,512,4,on
db0cdde1-909a-4c97-905f-50b7fa6eeaff,cifar10_cnn,160,48.01,1.91,1239.04,0.595,10.06,46.67,0.15488,0.46464,74.3424,2.33895,12.09813704,1.77056,9.158159648,2.13775,11.05743708,13.244996,68.50927837,10769.1507,10376.36972,10630.11318,10843.4931,10450.71212,10704.45558,10666.22027,1,1,2,512,4,on
335dc4db-90ad-443a-926d-4fcb5e2ddd01,cifar10_cnn,120,48.01,1.986,1283.072,0.577,9.54,47.76,0.160384,0.481152,57.73824,2.21805,12.26290932,1.67904,9.282890496,2.02725,11.2080354,12.560364,69.44235015,8186.866999,7888.269113,8081.168632,8244.605239,7946.007353,8138.906872,8109.839822,1,1,2,512,4,on
6d40031a-fe9e-4011-849e-c65303057c7b,cifar10_cnn,163,48.01,1.759,1346.56,0.586,1.68,47.79,0.16832,0.50496,82.30848,0.3906,11.31510726,0.29568,8.565414528,0.357,10.3417647,2.211888,64.07514072,10260.9897,9886.742773,10128.51291,10343.29818,9969.051253,10210.82139,10174.39028,1,1,2,512,4,on
9cddb63a-f204-4573-a45a-41ed3c181f23,cifar10_resnet,794,47.99,2.236,2676.736,0.7286,1.76,50.88,0.334592,1.003776,796.998144,0.4092,12.03059904,0.30976,9.107034112,0.374,10.9957088,2.317216,68.1268245,53143.57023,51205.27592,52457.44835,53940.56838,52002.27406,53254.4465,53065.76298,1,1,2,512,4,on
37701a15-9af0-48ba-9f8a-424f4cfc6635,cifar10_resnet,798,47.99,2.189,2319.36,0.315,1.82,30.91,0.28992,0.86976,694.06848,0.42315,7.478929335,0.32032,5.661469088,0.38675,6.835580575,2.396212,42.35164887,33203.60918,31992.58089,32774.9266,33897.67766,32686.64937,33468.99508,33351.10737,1,1,2,512,4,on
1138501c-f8b6-49bd-aa74-8d8cb06df3b5,cifar10_resnet,783,47.99,2.517,3089.408,0.803,1.78,50.88,0.386176,1.158528,907.127424,0.41385,12.03288312,0.31328,9.108763136,0.37825,10.9977964,2.343548,68.13975878,52417.27414,50505.46987,51740.52926,53324.40156,51412.59729,52647.65669,52461.55185,1,1,2,512,4,on
55c5a543-b377-4642-98c6-21000b1eda05,mnist_cnn,139,89.65,1.385,383.67,0.923,1.372,39.25,0.04795875,0.14387625,19.99879875,0.31899,9.319411425,0.241472,7.05469424,0.29155,8.517741625,1.8063752,0,2163.314974,1637.606174,1977.223363,2183.313773,1657.604973,1997.222162,1946.046969,2,4,2,128,4,off
d386f6a4-607b-496a-a2ab-7b96e0faec41,mnist_cnn,142,88.25,1.508,374.16,0.828,1.364,39.2,0.04677,0.14031,19.92402,0.31713,9.30681504,0.240064,7.045158912,0.28985,8.5062288,1.7958424,0,2207.018119,1670.688984,2017.167098,2226.942139,1690.613004,2037.091118,1984.882087,2,4,2,128,4,off
e12d02c9-656d-4edf-96fd-a6b8837f98c2,mnist_cnn,150,89.46,1.525,356.21,1,1.394,39.17,0.04452625,0.13357875,20.0368125,0.324105,9.304178072,0.245344,7.043162755,0.296225,8.503818668,1.8353404,0,2330.696607,1764.31227,2130.206576,2350.733419,1784.349083,2150.243389,2095.10863,2,4,2,128,4,off
c683f025-9d83-46b8-860b-71fad0eea602,cifar10_resnet,4850,71.74,1.622,2186.24,1.139,1.2339,39.5,0.27328,0.81984,3976.224,0.28688175,9.357313459,0.2171664,7.083385672,0.26220375,8.552383269,1.62455274,0,75789.56036,57371.88225,69270.02829,79765.78436,61348.10625,73246.25229,71453.38096,2,4,2,128,4,off
6403ab46-61de-45c6-852e-4a49f2a7402e,cifar10_resnet,4864,69.94,1.752,1907.712,1.0974,1.2557,39.49,0.238464,0.715392,3479.666688,0.29195025,9.358084096,0.2210032,7.083969036,0.26683625,8.553087615,1.65325462,0,76014.59414,57542.23041,69475.70433,79494.26083,61021.89709,72955.37101,71157.17631,2,4,2,128,4,off
4f0364c6-3c72-4491-a600-8da055ecf6b9,cifar10_resnet,4859,71.26,1.821,2031.616,1.104,1.287,39.47,0.253952,0.761856,3701.858304,0.2992275,9.357897406,0.226512,7.083827714,0.2734875,8.552916984,1.6944642,0,75934.93924,57481.9325,69402.90145,79636.79754,61183.7908,73104.75976,71308.44937,2,4,2,128,4,off
a1c3f485-9da8-46fd-af9d-48a48a9fe824,cifar10_cnn,608,62.65,0.256,709.33,0.895,1.5228,39.32,0.08866625,0.26599875,161.72724,0.354051,9.356738147,0.2680128,7.082950167,0.323595,8.551857446,2.00491848,0,9500.457645,7191.744282,8683.213976,9662.184885,7353.471522,8844.941216,8620.199208,2,4,2,128,4,off
2521bfe2-c04e-401d-b111-8f5b6b9f3843,cifar10_cnn,602,61.6,0.259,702,0.862,1.735,39.45,0.08775,0.26325,158.4765,0.4033875,9.416376131,0.30536,7.12809548,0.3686875,8.606365281,2.284301,0,9466.65958,7166.15951,8652.323272,9625.13608,7324.63601,8810.799772,8586.857287,2,4,2,128,4,off
4bb2affa-ace2-423e-9191-3239161d888d,cifar10_cnn,602,64.78,0.243,807.96,0.9274,1.6066,39.95,0.100995,0.302985,182.39697,0.3735345,9.512682467,0.2827616,7.200998341,0.3414025,8.694387201,2.11524956,0,9563.480192,7239.451672,8740.815229,9745.877162,7421.848642,8923.212199,8696.979334,2,4,2,128,4,off
1249409d-b142-4bcb-9378-9d2144e4f774,mnist_resnet,1141,89.56,1.786,575.62,1.137,1.56,39.83,0.0719525,0.2158575,246.2934075,0.3627,9.47871159,0.27456,7.175282752,0.3315,8.66333855,2.053896,0,18061.40057,13672.28603,16507.73171,18307.69398,13918.57943,16754.02511,16326.76618,2,4,2,128,4,off
bdde1b47-4d7b-44fe-adea-e5cdb02410d2,mnist_resnet,1133,88.8,1.917,550.52,1.203,1.49,39.84,0.068815,0.206445,233.902185,0.346425,9.47120928,0.26224,7.169603584,0.316625,8.6564816,1.961734,0,17920.56979,13565.67864,16379.0154,18154.47198,13799.58082,16612.91759,16188.99013,2,4,2,128,4,off
eb7a19fe-7ce5-472c-a31f-ac705377c575,mnist_resnet,1122,89.63,1.497,533.77,0.9996,1.4533,39.68,0.06672125,0.20016375,224.5837275,0.33789225,9.429416605,0.2557808,7.137966979,0.30882625,8.618283994,1.91341478,0,17668.27507,13374.69425,16148.42345,17892.8588,13599.27797,16373.00718,15955.04798,2,4,2,128,4,off
ef608fcb-6b1d-487f-9d25-15a1647d540d,mnist_cnn,406,90,2.449,398.39,0.782,1.775,51.33,0.04979875,0.14939625,60.6548775,0.4126875,12.13508001,0.3124,9.18612508,0.3771875,11.09120216,2.336965,68.71847887,27410.16499,26410.43978,27056.27996,27470.81987,26471.09466,27116.93484,27019.61646,3,1,25,128,4,on
5d5278d7-ab17-4e48-a82d-1fb36ccf3c5e,mnist_cnn,412,90,2.148,398.34,0.716,1.6387,51.37,0.0497925,0.1493775,61.54353,0.38099775,12.12880421,0.2884112,9.181374367,0.34822375,11.08546621,2.15751242,68.68294029,27800.85634,26786.88153,27441.9272,27862.39987,26848.42506,27503.47073,27404.76522,3,1,25,128,4,on
5c5ec2e3-b324-40d4-91d1-aef2d5c42676,mnist_cnn,398,90,2.345,390.06,0.758,1.6335,51.35,0.0487575,0.1462725,58.216455,0.37978875,12.12364223,0.287496,9.177466804,0.34711875,11.08074827,2.1506661,68.65370906,26844.73715,25865.63467,26498.1522,26902.95361,25923.85113,26556.36866,26461.0578,3,1,25,128,4,on
cfaede5c-5d1f-4a25-ab1b-d40d5f795002,cifar10_cnn,1822,64.22,2.006,1033.216,0.671,1.7962,47.01,0.129152,0.387456,705.944832,0.4176165,11.15111998,0.3161312,8.441277923,0.3816925,10.19188386,2.36487692,63.14651428,113034.1918,108911.5194,111574.8388,113740.1367,109617.4643,112280.7836,111879.4615,3,1,25,128,4,on
3d72e739-7f77-4a21-a480-c9a38531d401,cifar10_cnn,1674,64.22,2.242,1057.792,0.7182,1.8278,48.43,0.132224,0.396672,664.028928,0.4249635,11.47912868,0.3216928,8.689576977,0.3884075,10.49167675,2.40648148,65.0039605,106907.2972,103008.0897,105527.0468,107571.3261,103672.1187,106191.0757,105811.5068,3,1,25,128,4,on
19db07e7-873b-4b44-bbe1-a92d62fb0aef,cifar10_cnn,1760,64.22,2.279,1131.52,0.7161,1.943,48.58,0.14144,0.42432,746.8032,0.4517475,11.52713856,0.341968,8.725919946,0.4128875,10.53555675,2.5581538,65.27583068,112869.6436,108752.9727,111412.415,113616.4468,109499.7759,112159.2182,111758.4803,3,1,25,128,4,on
779c451e-55e2-4c3f-b09b-f4d605f6655a,cifar10_resnet,12929,77.25,2.135,1422.336,0.707,1.807,51.08,0.177792,0.533376,6896.018304,0.4201275,12.08162637,0.318032,9.145661254,0.3839875,11.04234669,2.3790962,68.41578186,869027.0775,837331.2349,857807.3102,875923.0958,844227.2532,864703.3285,861617.8925,3,1,25,128,4,on
d13ec5c1-54b0-43d9-bbf3-6c4df27e9a8f,cifar10_resnet,12646,77.25,2.111,1280,0.788,1.73,50.85,0.16,0.48,6070.08,0.402225,12.02031859,0.30448,9.09925192,0.367625,10.98631269,2.277718,68.0686084,845691.8165,814847.0759,834773.3242,851761.8965,820917.1559,840843.4042,837840.8189,3,1,25,128,4,on
118d0094-1995-4624-b5e5-3aa7c504cb7d,cifar10_resnet,12518,77.25,2.369,1485.824,0.794,1.9545,51.13,0.185728,0.557184,6974.829312,0.45442125,12.10980066,0.343992,9.16698889,0.41533125,11.06809738,2.5732947,68.57532712,843363.7187,812603.8904,832475.2839,850338.548,819578.7197,839450.1132,836455.7936,3,1,25,128,4,on
63d68430-a5ad-462d-862f-0c0461293e02,mnist_resnet,1186,90.74,2.42,391.24,0.783,1.497,51.42,0.048905,0.146715,174.00399,0.3480525,12.1242339,0.263472,9.177914698,0.3181125,11.08128905,1.9709502,68.65705961,79998.52278,77080.7534,78965.68406,80172.52677,77254.75739,79139.68805,78855.6574,3,1,25,128,4,on
f1b30c50-4ba6-4514-ac2c-a6d665ffb638,mnist_resnet,1154,90.74,2.136,402.91,0.6915,1.6959,51.36,0.05036375,0.15109125,174.3593025,0.39429675,12.13298594,0.2984784,9.184539894,0.36037875,11.08928822,2.23282194,68.70662059,77896.23646,75055.14333,76890.53978,78070.59576,75229.50263,77064.89908,76788.33249,3,1,25,128,4,on
f5b7bcfb-7d6c-40d1-8c07-333fae9f6b10,mnist_resnet,1181,90.74,2.384,413.38,0.774,1.621,51.5,0.0516725,0.1550175,183.0756675,0.3768825,12.15653801,0.285296,9.20236856,0.3444625,11.11081431,2.1342086,68.83999117,79873.51231,76960.30241,78842.28757,80056.58797,77143.37808,79025.36323,78741.77643,3,1,25,128,4,on
5c3c6159-d4d7-4c51-9ed9-fc2487fa1f8d,mnist_cnn,1611,91.56,1.706,634.39,1.133,1.533,39.05,0.07929875,0.23789625,383.2508588,0.3564225,9.296364514,0.269808,7.037247976,0.3257625,8.496677244,2.0183478,0,25010.6602,18932.80084,22859.20556,25393.91106,19316.0517,23242.45642,22650.80639,4,4,25,512,4,off
8a15068b-70d2-4b20-b744-b2a586c1249c,mnist_cnn,1601,91.24,1.686,623.71,1.106,1.661,39.2,0.07796375,0.23389125,374.4598913,0.3861825,9.34879896,0.292336,7.076940288,0.3529625,8.5446012,2.1868726,0,24995.60332,18921.40294,22845.44389,25370.06321,19295.86283,23219.90378,22628.60994,4,4,25,512,4,off
b4beaea3-e39b-462c-9c65-856b4a2be402,mnist_cnn,1618,91.53,1.718,615.7,1.113,1.534,39.13,0.0769625,0.2308875,373.575975,0.356655,9.314820899,0.269984,7.051219261,0.325975,8.513545983,2.0196644,0,25169.20496,19052.81752,23004.11206,25542.78093,19426.39349,23377.68803,22782.28749,4,4,25,512,4,off
065680c4-72fd-4afc-b4a8-001f6e9f4358,cifar10_cnn,8095,81.51,1.484,1499,0.9895,0.155,69.1,0.187375,0.562125,4550.401875,0.0360375,16.07688559,0.02728,12.17002952,0.0329375,14.69392769,0.204073,0,217337.7893,164522.3696,198642.0655,221888.1912,169072.7714,203192.4674,198051.1434,4,4,25,512,4,off
18506a63-4686-45f4-87a5-b9237f16f8dc,cifar10_cnn,7893,81.39,1.482,1652,1.0143,1.37,38.86,0.2065,0.6195,4889.7135,0.318525,9.229696185,0.24112,6.986780768,0.291125,8.435743825,1.803742,0,121659.4866,92094.92321,111194.1544,126549.2001,96984.63671,116083.8679,113205.9016,4,4,25,512,4,off
8837f19b-66a4-4eee-a307-20ee18e9a268,cifar10_cnn,7879,80.74,1.485,1481,0.9897,1.3519,38.55,0.185125,0.555375,4375.799625,0.31431675,9.156022643,0.2379344,6.931010689,0.28727875,8.368407792,1.77991154,0,120474.305,91197.75347,110110.9239,124850.1046,95573.5531,114486.7236,111636.7938,4,4,25,512,4,off
0eb57623-4eae-4bee-bc69-969a3558f314,mnist_resnet,12161,90.31,1.788,818.7,1.196,1.58,52.57,0.1023375,0.3070125,3733.579013,0.36735,12.39675911,0.27808,9.384213344,0.33575,11.33037123,2.080228,0,251764.1691,190582.7689,230107.0363,255497.7481,194316.3479,233840.6153,227884.9037,4,4,25,512,4,off
4a26ae59-bc69-43a2-bcac-240ee9c0f4f5,mnist_resnet,11642,90.37,1.91,967.64,1.234,1.5718,39.47,0.120955,0.362865,4224.47433,0.3654435,9.397977951,0.2766368,7.114168255,0.3340075,8.58954974,2.06943188,0,182716.803,138314.6552,166999.2286,186941.2774,142539.1295,171223.7029,166901.3699,4,4,25,512,4,off
255c457e-19f2-400c-86bf-f504c5401625,mnist_resnet,98533,90.1,1.805,929.05,1.203,1.517,39.57,0.11613125,0.34839375,34328.28137,0.3527025,9.413163121,0.266992,7.125663266,0.3223625,8.603428659,1.9972822,0,1548937.027,1172528.674,1415695.132,1583265.308,1206856.956,1450023.414,1413381.892,4,4,25,512,4,off
4ae722cf-f5f8-4c93-afdd-abb1cbf237ce,cifar10_cnn,255,48.04,1.946,848.8,0.645,1.381,48.19,0.1061,0.3183,81.1665,0.3210825,11.37052784,0.243056,8.607367314,0.2934625,10.39241792,1.8182246,0,4842.139282,3665.44737,4425.611172,4923.305782,3746.61387,4506.777672,4392.232441,5,1,2,512,6,off
8cb3428d-26a1-40ed-ac0c-be34cd23c206,cifar10_cnn,254,45.51,2.025,925.4,0.625,1.415,48.16,0.115675,0.347025,88.14435,0.3289875,11.36774712,0.24904,8.605262336,0.3006875,10.3898764,1.862989,0,4821.970973,3650.180178,4407.177771,4910.115323,3738.324528,4495.322121,4381.253991,5,1,2,512,6,off
a8b72424-0477-45fb-8c2c-509e9fd6388a,cifar10_cnn,255,47.73,1.878,1010.97,0.66,1.407,48.22,0.12637125,0.37911375,96.67400625,0.3271275,11.38053662,0.247632,8.61494385,0.2989875,10.40156573,1.8524562,0,4846.401519,3668.673838,4429.506765,4943.075526,3765.347845,4526.180771,4411.534714,5,1,2,512,6,off
595cab86-f22a-4017-9bf5-14177205a374,mnist_resnet,108,82.59,1.983,604.67,0.5799,1.4102,44.75,0.07558375,0.22675125,24.489135,0.3278715,10.585524,0.2481952,8.013127848,0.2996675,9.674941294,1.85666932,0,1909.205109,1445.247739,1744.972412,1933.694244,1469.736874,1769.461547,1724.297555,5,1,2,512,6,off
40b7b431-e206-4368-89a6-276582621370,mnist_resnet,119,81.33,1.816,600.83,0.5646,1.4029,39.325,0.07510375,0.22531125,26.81203875,0.32617425,9.340968726,0.2469104,7.071012885,0.29811625,8.537444535,1.84705814,0,1856.330715,1405.222391,1696.646352,1883.142754,1432.034429,1723.458391,1679.545191,5,1,2,512,6,off
1efed138-7adc-4feb-930d-b1d3425b5570,mnist_resnet,119,83.06,1.642,504.84,0.3489,1.5201,44.75,0.063105,0.189315,22.528485,0.35342325,10.59964135,0.2675376,8.023814524,0.32302125,9.687844241,2.00136366,0,2106.466725,1594.57266,1925.265286,2128.99521,1617.101145,1947.793771,1897.963375,5,1,2,512,6,off
7539a8d0-e356-412a-a464-75271c119b7b,mnist_cnn,42,87.98,0.818,377.34,0.273,1.37,18.09,0.0471675,0.1415025,5.943105,0.318525,4.466828828,0.24112,3.381341392,0.291125,4.082585488,1.803742,0,313.303374,237.1672852,286.3525461,319.246479,243.1103902,292.2956511,284.8841734,5,1,2,512,6,off
3142c074-effb-43b1-a010-945fabb617d9,mnist_cnn,42,86.82,0.77,389.92,0.257,1.43,18.09,0.04874,0.14622,6.14124,0.332475,4.478255273,0.25168,3.389991088,0.303875,4.093029013,1.882738,0,314.1048248,237.7739749,287.0850549,320.2460648,243.9152149,293.2262949,285.7958582,5,1,2,512,6,off
c32fb90d-f021-4fa2-b259-3a9159cb44e5,mnist_cnn,33,87.37,0.00155,8.59,0.000517,1.53,53.73,0.00107375,0.00322125,0.10630125,0.355725,12.65681896,0.26928,9.581075856,0.325125,11.56806034,2.014398,0,697.5172927,528.0130904,637.5158052,697.623594,528.1193917,637.6221064,621.1216974,5,1,2,512,6,off
dd6ac7d0-a065-4c50-950f-cfd06dbe3d74,cifar10_resnet,1138,45.59,2.261,2739.2,0.716,1.2626,50.36,0.3424,1.0272,1168.9536,0.2935545,11.85442045,0.2222176,8.973668817,0.2683025,10.83468536,1.66233916,0,22528.8519,17054.09864,20590.88614,23697.8055,18223.05224,21759.83974,21226.89916,5,1,2,512,6,off
7dcc0c64-e3a0-4e13-a7a4-7357cb468bd1,cifar10_resnet,1140,45.64,2.157,2240.512,0.60717,1.2832,50.35,0.280064,0.840192,957.81888,0.298344,11.8545028,0.2258432,8.973731149,0.27268,10.83476062,1.68946112,0,22568.60242,17084.18936,20627.21727,23526.4213,18042.00824,21585.03615,21051.15523,5,1,2,512,6,off
3b062941-e4a0-48db-bc7f-fe373bfce1fb,cifar10_resnet,1142,45.53,2.056,2521.088,0.696,1.247,50.37,0.315136,0.945408,1079.655936,0.2899275,11.85491602,0.219472,8.974043954,0.2649875,10.8351383,1.6418002,0,22608.98454,17114.75819,20664.12565,23688.64047,18194.41412,21743.78159,21208.94539,5,1,2,512,6,off
b128bf7f-2f8b-415c-a77a-5a03b05edca3,mnist_cnn,80,89.73,0.613,386.35,0.249,4.515,36.82,0.04829375,0.14488125,11.5905,1.0497375,9.223874153,0.79464,6.982373552,0.9594375,8.430422613,5.944449,52.23291488,4105.313507,3955.581267,4052.310944,4116.904007,3967.171767,4063.901444,4049.32574,6,4,2,128,6,on
72ab0981-baac-45c2-929e-75c6df747773,mnist_cnn,70,89.73,1.077,405.56,0.359,1.905,37.18,0.050695,0.152085,10.64595,0.4429125,8.922587633,0.33528,6.754302896,0.4048125,8.155053213,2.508123,50.52679087,3474.816173,3348.079931,3429.953787,3485.462123,3358.725881,3440.599737,3428.26258,6,4,2,128,6,on
70b5d620-17d6-4424-863c-a83b6da2f2be,mnist_cnn,75,89.73,0.4008,12.39,0.4259,4.5559,36.82,0.00154875,0.00464625,0.34846875,1.05924675,9.229882097,0.8018384,6.986921501,0.96812875,8.435913744,5.99829794,52.26693664,3851.238273,3710.772866,3801.516005,3851.586742,3711.121335,3801.864474,3788.19085,6,4,2,128,6,on
f6d8102b-eaf0-4642-ac5c-7aa86409f877,cifar10_cnn,349,65.7,1.793,1168.384,0.686,5.66,49.78,0.146048,0.438144,152.912256,1.31595,12.23472009,0.99616,9.261551552,1.20275,11.18227105,7.451956,69.2827203,23755.40489,22888.97898,23448.70546,23908.31715,23041.89124,23601.61771,23517.27537,6,4,2,128,6,on
355ced9f-c75f-4713-91c3-e863dbb2c7eb,cifar10_cnn,324,65.7,2.071,1165.312,0.665,1.68,50.32,0.145664,0.436992,141.585408,0.3906,11.89345008,0.29568,9.003213824,0.357,10.8703576,2.211888,67.35017796,21438.57113,20656.64661,21161.78369,21580.15654,20798.23202,21303.3691,21227.25255,6,4,2,128,6,on
264ed93a-40e2-4a67-8e09-762669c781f7,cifar10_cnn,324,65.7,2.136,1053.696,0.711,5.6,50.33,0.131712,0.395136,128.024064,1.302,12.3484284,0.9856,9.34762752,1.19,11.286198,7.37296,69.92662723,22258.69355,21446.85688,21971.31774,22386.71761,21574.88094,22099.3418,22020.31345,6,4,2,128,6,on
71a011f7-fbaf-44e3-a47e-a0f4acc01ab0,cifar10_resnet,2609,71.01,2.422,2362.368,0.778,2.604,51.35,0.295296,0.885888,2311.281792,0.60543,12.2334167,0.458304,9.260564896,0.55335,11.18107978,3.4284264,69.27533944,177568.0479,171091.6456,175275.5161,179879.3297,173402.9274,177586.7979,176956.3517,6,4,2,128,6,on
7549c62b-0a95-4677-9a9d-058e1bcd0ce2,cifar10_resnet,3110,71.01,2.344,2393.088,0.742,2.966,51.27,0.299136,0.897408,2790.93888,0.689595,12.25631464,0.522016,9.277898397,0.630275,11.20200801,3.9050356,69.40500585,212062.2001,204327.6999,209324.3239,214853.139,207118.6388,212115.2628,211362.3469,6,4,2,128,6,on
a728ae9b-ea0d-409c-b2ad-3d21f991ea71,cifar10_resnet,2699,71.01,2.358,2388.992,0.772,2.523,51.26,0.298624,0.895872,2417.958528,0.5865975,12.20385762,0.444048,9.238188995,0.5361375,11.15406342,3.3217818,69.10795245,183249.5804,176565.9569,180883.696,185667.539,178983.9154,183301.6545,182651.0363,6,4,2,128,6,on
5105bd84-7ec4-4dd3-92c9-db5f56cc83f0,mnist_resnet,539,89.16,2.387,602.39,0.774,2.0609,51.59,0.07529875,0.22589625,121.7580788,0.47915925,12.22663599,0.3627184,9.255431977,0.43794125,11.17488236,2.71338094,69.23694171,36663.9051,35326.67017,36190.5476,36785.66318,35448.42824,36312.30568,36182.13237,6,4,2,128,6,on
9765a7b5-8442-49f8-bb65-395d5cb31caa,mnist_resnet,542,89.51,2.287,609.29,0.719,2.1144,51.65,0.07616125,0.22848375,123.8381925,0.491598,12.24631263,0.3721344,9.270326982,0.44931,11.19286639,2.78381904,69.34836651,36927.30394,35580.46211,36450.54577,37051.14213,35704.3003,36574.38396,36443.27547,6,4,2,128,6,on
ecdb8e35-1d48-4e8e-8f1f-111fda316b61,mnist_resnet,529,87.77,2.145,561.39,0.708,2.0511,51.59,0.07017375,0.21052125,111.3657413,0.47688075,12.22553297,0.3609936,9.254597002,0.43585875,11.17387422,2.70047826,69.23069553,35980.43797,34668.13099,35515.90453,36091.80371,34779.49673,35627.27027,35499.52357,6,4,2,128,6,on
b40b9ac7-426b-40bd-aecf-3a0992e3fd64,mnist_cnn,557,90.52,2.154,339.98,0.682,1.378,51.71,0.0424975,0.1274925,71.0133225,0.320385,12.17728892,0.242528,9.218076771,0.292825,11.12978019,1.8142748,0,11327.19238,8574.562832,10352.81024,11398.2057,8645.576154,10423.82356,10155.86847,7,1,25,128,6,off
2302daa6-74b2-41c3-b6b7-52aee401c9a4,mnist_cnn,558,90.17,2.207,346.07,0.721,1.369,51.7,0.04325875,0.12977625,72.4151475,0.3182925,12.17398528,0.240944,9.215575952,0.2909125,11.12676074,1.8024254,0,11344.44992,8587.626607,10368.58326,11416.86507,8660.041754,10440.99841,10172.63508,7,1,25,128,6,off
2b09e755-55c8-422d-9c93-5a407e9c24b9,mnist_cnn,551,90.13,2.319,350.65,0.719,1.383,51.72,0.04383125,0.13149375,72.45305625,0.3215475,12.18014313,0.243408,9.220237382,0.2938875,11.13238889,1.8208578,0,11207.80231,8484.185832,10243.69028,11280.25536,8556.638888,10316.14334,10051.01253,7,1,25,128,6,off
750c58d7-2ca5-4b3e-ab64-ad5182a6353e,mnist_resnet,1643,90.1,2.23,355.39,0.754,1.2717,51.74,0.04442375,0.13327125,218.9646638,0.29567025,12.17224046,0.2238192,9.214255146,0.27023625,11.12516601,1.67432022,0,33398.3151,25282.16541,30525.34176,33617.27977,25501.13008,30744.30643,29954.23876,7,1,25,128,6,off
699d471b-7e54-4c79-822d-de2005ffd862,mnist_resnet,1480,90.24,2.381,376.26,0.794,1.2717,51.84,0.0470325,0.1410975,208.8243,0.29567025,12.19519479,0.2238192,9.231631327,0.27023625,11.14614578,1.67432022,0,30141.64345,22816.89999,27548.8139,30350.46775,23025.72429,27757.6382,27044.61008,7,1,25,128,6,off
86a91bc1-e085-4edd-8533-92d174c68992,mnist_resnet,1499,90.27,2.27,381.12,0.765,1.309,51.91,0.04764,0.14292,214.23708,0.3043425,12.21543331,0.230384,9.246951666,0.2781625,11.16464335,1.7234294,0,30579.26066,23148.17151,27948.78663,30793.49774,23362.40859,28163.02371,27439.64335,7,1,25,128,6,off
eb74bb84-45c9-43a1-b67a-1f93a6ce0440,cifar10_cnn,2240,66.64,0.59,664.77,0.59045,1.3923,48.21,0.08309625,0.24928875,558.4068,0.32370975,11.37647428,0.2450448,8.611868702,0.29586375,10.39785284,1.83310218,0,42557.11498,32215.27844,38896.28789,43115.52178,32773.68524,39454.69469,38447.96724,7,1,25,128,6,off
784b64ac-3e01-4a9f-902c-c82f7d5ad1dd,cifar10_cnn,2217,66.34,0.841,656.35,0.60385,1.3918,48.21,0.08204375,0.24613125,545.6729813,0.3235935,11.37641407,0.2449568,8.611823127,0.2957575,10.39779781,1.83244388,0,42119.9217,31884.32783,38496.70263,42665.59468,32430.00081,39042.37561,38045.99037,7,1,25,128,6,off
64e885ca-8f31-48d5-8854-6e8418464979,cifar10_cnn,2161,65.95,0.978,653.25,0.6111,1.4426,48.06,0.08165625,0.24496875,529.3774688,0.3354045,11.3481591,0.2538976,8.590434413,0.3065525,10.37197337,1.89932716,0,40954.03092,31001.76104,37431.10353,41483.40839,31531.13851,37960.481,36991.67597,7,1,25,128,6,off
d251b6db-27c5-4435-ba3b-f8ca63d35042,cifar10_resnet,19593,76.54,1.987,828.79,0.6625,1.2152,51.59,0.10359875,0.31079625,6089.430926,0.282534,12.13144971,0.2138752,9.183376984,0.25823,11.08788414,1.59993232,0,396944.7952,300482.9418,362799.0064,403034.2262,306572.3727,368888.4373,359498.3454,7,1,25,128,6,off
c54cf1d3-a8cd-43d7-9c08-c047c2e6f53f,cifar10_resnet,18528,78.23,1.987,933.66,0.66201,1.2182,51.54,0.1167075,0.3501225,6487.06968,0.2832315,12.12030398,0.2144032,9.174939791,0.2588675,11.07769719,1.60388212,0,375023.537,283888.785,342763.4478,381510.6067,290375.8547,349250.5175,340378.993,7,1,25,128,6,off
7f77764b-ce56-4380-befa-b16402924c23,cifar10_resnet,19688,77.11,1.987,856,0.665241,1.2819,51.72,0.107,0.321,6319.848,0.29804175,12.16879456,0.2256144,9.211646632,0.27240375,11.12201653,1.68774954,0,400097.3095,302869.3612,365680.3366,406417.1575,309189.2092,372000.1846,362535.5171,7,1,25,128,6,off
03065672-b7e5-4bf8-8d6f-e2af33cb15e9,mnist_cnn,1004,91.39,2.24,646.55,0.6621,1.9016,49.01,0.08081875,0.24245625,243.426075,0.442122,11.62026301,0.3346816,8.796414148,0.40409,10.62067049,2.50364656,65.80317538,64907.16534,62539.81989,64069.16695,65150.59141,62783.24596,64312.59302,64082.14347,8,4,25,512,6,on
522b34fe-455b-4505-b980-5a11aa3def91,mnist_cnn,1061,91.39,2.132,601.06,0.6909,1.9531,48.46,0.0751325,0.2253975,239.1467475,0.45409575,11.50099095,0.3437456,8.706126482,0.41503375,10.51165839,2.57145146,65.12776208,67888.09432,65412.02607,67011.60998,68127.24106,65651.17281,67250.75673,67009.72354,8,4,25,512,6,on
79fef62f-d7db-4064-9114-fa271c11cadc,mnist_cnn,976,91.39,2.218,635.15,0.684,1.88,49.14,0.07939375,0.23818125,232.4649,0.4371,11.64735906,0.33088,8.816925568,0.3995,10.6454357,2.475208,65.95661479,63244.13453,60937.44445,62427.60707,63476.59943,61169.90935,62660.07197,62435.52691,8,4,25,512,6,on
e72472ac-1821-4f59-9ccf-fe76556d7c0c,cifar10_cnn,4730,81.84,2.288,2042.88,0.736,2.194,50.06,0.25536,0.76608,3623.5584,0.510105,11.89369644,0.386144,9.003400314,0.466225,10.87058277,2.8886204,67.35157303,312983.154,301567.785,308942.3154,316606.7124,305191.3434,312565.8738,311454.6432,8,4,25,512,6,on
55107821-7225-4a40-9be1-19b20408fbce,cifar10_cnn,4988,81.84,2.231,2007.04,0.735,2,49.94,0.25088,0.75264,3754.16832,0.465,11.843829,0.352,8.9656512,0.425,10.825005,2.6332,67.06918392,328671.1206,316683.5676,324427.739,332425.2889,320437.7359,328181.9073,327014.9774,8,4,25,512,6,on
55b508ad-5099-45e0-a25c-56b0f153dd99,cifar10_cnn,4043,81.84,2.285,2158.592,0.722,2.18,49.92,0.269824,0.809472,3272.695296,0.50685,11.86023048,0.38368,8.978066944,0.46325,10.8399956,2.870188,67.16206215,266771.7528,257041.8425,263327.5368,270044.4481,260314.5378,266600.2321,265653.0727,8,4,25,512,6,on
1d679b88-094b-4fb1-993b-178e7f98015c,cifar10_resnet,37810,87.74,2.434,4833.28,0.811,1.786,51.3,0.60416,1.81248,68529.8688,0.415245,12.12947432,0.314336,9.181881632,0.379525,11.08607868,2.3514476,68.68673498,2551476.829,2458417.349,2518535.42,2620006.698,2526947.218,2587065.289,2578006.402,8,4,25,512,6,on
8aca6811-56e1-4664-8b95-2a44c153f33f,cifar10_resnet,47513,87.74,2.396,4843.52,0.799,2.102,51.36,0.60544,1.81632,86298.81216,0.488715,12.17891098,0.369952,9.219304653,0.446675,11.13126272,2.7674932,68.96668469,3219318.024,3101900.511,3177754.302,3305616.836,3188199.323,3264053.115,3252623.091,8,4,25,512,6,on
b62c1d97-82d7-4b1a-847a-8ee6d1108a8d,cifar10_resnet,45859,87.74,2.229,4638.72,0.793,2.135,51.29,0.57984,1.73952,79772.64768,0.4963875,12.16671535,0.37576,9.210072696,0.4536875,11.12011618,2.810941,68.89762336,3104137.14,2990920.596,3064060.487,3183909.788,3070693.244,3143833.135,3132812.055,8,4,25,512,6,on
008457dc-6657-436f-aa73-6d37d4e03547,mnist_resnet,6770,90.07,2.281,939.29,0.76,2.124,50.5,0.11741125,0.35223375,2384.622488,0.49383,11.98569585,0.373824,9.07304288,0.45135,10.95466825,2.7964584,67.87254691,451434.6534,434969.5718,445606.3059,453819.2759,437354.1943,447990.9284,446388.1329,8,4,25,512,6,on
eba775c0-2635-47fb-9d24-141f5fc4f1c3,mnist_resnet,6283,90.62,2.271,917.75,0.7569,2.0713,51.023,0.11471875,0.34415625,2162.333719,0.48157725,12.09870959,0.3645488,9.158593066,0.44015125,11.05796038,2.72707358,68.51252063,422911.1001,407486.3521,417451.0123,425073.4339,409648.6858,419613.3461,418111.8219,8,4,25,512,6,on
0599b81c-a4c7-4a39-b324-eba8f91b7725,mnist_resnet,6816,90.59,2.251,878.11,0.7783,2.072,51.029,0.10976375,0.32929125,2244.44916,0.48174,12.1001554,0.364672,9.159687525,0.4403,11.05928181,2.7279952,68.52070793,458842.3567,442107.0955,452918.3704,461086.8059,444351.5446,455162.8196,453533.7234,8,4,25,512,6,on
